user_id,name,country
1,user_1,DE
2,user_2,US
3,user_3,UK
4,user_4,FR
5,user_5,GM
6,user_6,UK
7,user_7,GM
8,user_8,GM
9,user_9,UK
10,user_10,FR
11,user_11,GM
12,user_12,UK
13,user_13,US
14,user_14,US
15,user_15,US
16,user_16,UK
17,user_17,GM
18,user_18,DE
19,user_19,DE
20,user_20,UK
21,user_21,DE
22,user_22,UK
23,user_23,UK
24,user_24,US
25,user_25,DE
26,user_26,DE
27,user_27,GM
28,user_28,DE
29,user_29,US
30,user_30,GM
31,user_31,DE
32,user_32,DE
33,user_33,US
34,user_34,FR
35,user_35,DE
36,user_36,US
37,user_37,GM
38,user_38,UK
39,user_39,DE
40,user_40,UK
41,user_41,UK
42,user_42,GM
43,user_43,FR
44,user_44,GM
45,user_45,GM
46,user_46,DE
47,user_47,GM
48,user_48,DE
49,user_49,UK
50,user_50,US
51,user_51,US
52,user_52,GM
53,user_53,GM
54,user_54,FR
55,user_55,UK
56,user_56,UK
57,user_57,DE
58,user_58,DE
59,user_59,DE
60,user_60,UK
61,user_61,FR
62,user_62,US
63,user_63,FR
64,user_64,DE
65,user_65,US
66,user_66,DE
67,user_67,US
68,user_68,US
69,user_69,US
70,user_70,DE
71,user_71,FR
72,user_72,GM
73,user_73,GM
74,user_74,US
75,user_75,US
76,user_76,UK
77,user_77,FR
78,user_78,GM
79,user_79,US
80,user_80,DE
81,user_81,UK
82,user_82,DE
83,user_83,US
84,user_84,DE
85,user_85,UK
86,user_86,GM
87,user_87,US
88,user_88,GM
89,user_89,FR
90,user_90,US
91,user_91,UK
92,user_92,DE
93,user_93,DE
94,user_94,DE
95,user_95,US
96,user_96,FR
97,user_97,GM
98,user_98,FR
99,user_99,DE
100,user_100,DE
